sector,stock,label_type,y_0_count,y_1_count,y_0_ratio,y_1_ratio
bank+news,001227.SZ.csv,next,142,77,0.6484018264840182,0.3515981735159817
bank+news,001227.SZ.csv,today,135,85,0.6136363636363636,0.38636363636363635
bank+news,002142.SZ.csv,next,740,650,0.5323741007194245,0.4676258992805755
bank+news,002142.SZ.csv,today,746,645,0.5363048166786485,0.46369518332135157
bank+news,002936.SZ.csv,next,544,342,0.6139954853273137,0.3860045146726862
bank+news,002936.SZ.csv,today,540,347,0.608793686583991,0.39120631341600903
bank+news,002948.SZ.csv,next,481,381,0.5580046403712297,0.4419953596287703
bank+news,002948.SZ.csv,today,484,379,0.5608342989571263,0.4391657010428737
bank+news,002958.SZ.csv,next,303,202,0.6,0.4
bank+news,002958.SZ.csv,today,302,204,0.5968379446640316,0.4031620553359684
bank+news,002966.SZ.csv,next,390,318,0.5508474576271186,0.4491525423728814
bank+news,002966.SZ.csv,today,391,318,0.5514809590973202,0.44851904090267986
bank+news,600000.SH.csv,next,802,661,0.5481886534518113,0.45181134654818866
bank+news,600000.SH.csv,today,799,665,0.5457650273224044,0.4542349726775956
bank+news,600015.SH.csv,next,839,646,0.564983164983165,0.435016835016835
bank+news,600015.SH.csv,today,839,647,0.5646029609690444,0.4353970390309556
bank+news,600016.SH.csv,next,904,649,0.5820991629104958,0.4179008370895042
bank+news,600016.SH.csv,today,900,654,0.5791505791505791,0.42084942084942084
bank+news,600036.SH.csv,next,807,748,0.5189710610932476,0.4810289389067524
bank+news,600036.SH.csv,today,804,752,0.5167095115681234,0.4832904884318766
bank+news,600919.SH.csv,next,803,633,0.5591922005571031,0.44080779944289694
bank+news,600919.SH.csv,today,803,634,0.558803061934586,0.44119693806541405
bank+news,600926.SH.csv,next,663,590,0.5291300877893057,0.47086991221069435
bank+news,600926.SH.csv,today,663,591,0.5287081339712919,0.47129186602870815
bank+news,600928.SH.csv,next,360,278,0.5642633228840125,0.43573667711598746
bank+news,600928.SH.csv,today,373,266,0.5837245696400626,0.4162754303599374
bank+news,601009.SH.csv,next,723,633,0.5331858407079646,0.4668141592920354
bank+news,601009.SH.csv,today,713,644,0.5254237288135594,0.4745762711864407
bank+news,601077.SH.csv,next,430,283,0.603085553997195,0.39691444600280507
bank+news,601077.SH.csv,today,431,283,0.603641456582633,0.3963585434173669
bank+news,601128.SH.csv,next,479,430,0.5269526952695269,0.4730473047304731
bank+news,601128.SH.csv,today,479,431,0.5263736263736264,0.4736263736263736
bank+news,601166.SH.csv,next,827,721,0.5342377260981912,0.4657622739018088
bank+news,601166.SH.csv,today,824,725,0.5319561007101355,0.46804389928986445
bank+news,601187.SH.csv,next,282,235,0.5454545454545454,0.45454545454545453
bank+news,601187.SH.csv,today,283,235,0.5463320463320464,0.45366795366795365
bank+news,601229.SH.csv,next,692,569,0.548770816812054,0.4512291831879461
bank+news,601229.SH.csv,today,684,578,0.5419968304278923,0.45800316957210774
bank+news,601328.SH.csv,next,857,694,0.5525467440361057,0.44745325596389424
bank+news,601328.SH.csv,today,857,695,0.5521907216494846,0.4478092783505155
bank+news,601528.SH.csv,next,161,114,0.5854545454545454,0.41454545454545455
bank+news,601528.SH.csv,today,154,122,0.5579710144927537,0.4420289855072464
bank+news,601665.SH.csv,next,212,166,0.5608465608465608,0.43915343915343913
bank+news,601665.SH.csv,today,217,162,0.5725593667546174,0.42744063324538256
bank+news,601825.SH.csv,next,223,165,0.5747422680412371,0.4252577319587629
bank+news,601825.SH.csv,today,224,165,0.5758354755784062,0.4241645244215938
bank+news,601838.SH.csv,next,506,433,0.5388711395101171,0.46112886048988283
bank+news,601838.SH.csv,today,493,447,0.524468085106383,0.475531914893617
bank+news,601916.SH.csv,next,508,329,0.6069295101553166,0.3930704898446834
bank+news,601916.SH.csv,today,509,329,0.6073985680190931,0.3926014319809069
bank+news,601939.SH.csv,next,847,707,0.545045045045045,0.45495495495495497
bank+news,601939.SH.csv,today,846,709,0.5440514469453376,0.45594855305466236
bank+news,601963.SH.csv,next,256,237,0.5192697768762677,0.48073022312373226
bank+news,601963.SH.csv,today,258,236,0.5222672064777328,0.4777327935222672
bank+news,601998.SH.csv,next,883,669,0.5689432989690721,0.43105670103092786
bank+news,601998.SH.csv,today,883,670,0.5685769478428847,0.43142305215711524
bank+news,603323.SH.csv,next,343,282,0.5488,0.4512
bank+news,603323.SH.csv,today,337,289,0.5383386581469649,0.46166134185303515
multi,002033.SZ.csv,next,207,206,0.5012106537530266,0.49878934624697335
multi,002033.SZ.csv,today,204,210,0.4927536231884058,0.5072463768115942
multi,002739.SZ.csv,next,319,306,0.5104,0.4896
multi,002739.SZ.csv,today,318,308,0.5079872204472844,0.49201277955271566
multi,002948.SZ.csv,next,481,381,0.5580046403712297,0.4419953596287703
multi,002948.SZ.csv,today,484,379,0.5608342989571263,0.4391657010428737
multi,600036.SH.csv,next,807,748,0.5189710610932476,0.4810289389067524
multi,600036.SH.csv,today,804,752,0.5167095115681234,0.4832904884318766
multi,600138.SH.csv,next,456,434,0.5123595505617977,0.48764044943820223
multi,600138.SH.csv,today,458,433,0.5140291806958474,0.48597081930415265
multi,600576.SH.csv,next,349,291,0.5453125,0.4546875
multi,600576.SH.csv,today,350,291,0.5460218408736349,0.4539781591263651
multi,600749.SH.csv,next,95,94,0.5026455026455027,0.4973544973544973
multi,600749.SH.csv,today,89,101,0.46842105263157896,0.531578947368421
multi,600900.SH.csv,next,521,500,0.5102840352595495,0.48971596474045054
multi,600900.SH.csv,today,539,483,0.5273972602739726,0.4726027397260274
multi,600919.SH.csv,next,803,633,0.5591922005571031,0.44080779944289694
multi,600919.SH.csv,today,803,634,0.558803061934586,0.44119693806541405
multi,600926.SH.csv,next,663,590,0.5291300877893057,0.47086991221069435
multi,600926.SH.csv,today,663,591,0.5287081339712919,0.47129186602870815
multi,601128.SH.csv,next,479,430,0.5269526952695269,0.4730473047304731
multi,601128.SH.csv,today,479,431,0.5263736263736264,0.4736263736263736
multi,601166.SH.csv,next,827,721,0.5342377260981912,0.4657622739018088
multi,601166.SH.csv,today,824,725,0.5319561007101355,0.46804389928986445
multi,601288.SH.csv,next,909,646,0.5845659163987138,0.4154340836012862
multi,601288.SH.csv,today,906,650,0.5822622107969152,0.41773778920308485
multi,601398.SH.csv,next,856,699,0.5504823151125402,0.4495176848874598
multi,601398.SH.csv,today,853,703,0.5482005141388174,0.4517994858611825
multi,601658.SH.csv,next,459,376,0.5497005988023952,0.4502994011976048
multi,601658.SH.csv,today,457,379,0.5466507177033493,0.4533492822966507
multi,601838.SH.csv,next,506,433,0.5388711395101171,0.46112886048988283
multi,601838.SH.csv,today,493,447,0.524468085106383,0.475531914893617
multi,601988.SH.csv,next,751,510,0.5955590800951626,0.40444091990483744
multi,601988.SH.csv,today,749,513,0.5935023771790808,0.40649762282091917
multi,601998.SH.csv,next,883,669,0.5689432989690721,0.43105670103092786
multi,601998.SH.csv,today,883,670,0.5685769478428847,0.43142305215711524
互联网,002115.SZ.csv,next,148,124,0.5441176470588235,0.45588235294117646
互联网,002115.SZ.csv,today,143,130,0.5238095238095238,0.47619047619047616
互联网,002195.SZ.csv,next,380,290,0.5671641791044776,0.43283582089552236
互联网,002195.SZ.csv,today,378,293,0.563338301043219,0.4366616989567809
互联网,002306.SZ.csv,next,102,79,0.56353591160221,0.43646408839779005
互联网,002306.SZ.csv,today,97,85,0.532967032967033,0.46703296703296704
互联网,002354.SZ.csv,next,314,255,0.5518453427065027,0.44815465729349735
互联网,002354.SZ.csv,today,311,259,0.5456140350877193,0.4543859649122807
互联网,002558.SZ.csv,next,587,477,0.5516917293233082,0.4483082706766917
互联网,002558.SZ.csv,today,564,501,0.5295774647887324,0.4704225352112676
互联网,002640.SZ.csv,next,351,304,0.5358778625954198,0.46412213740458014
互联网,002640.SZ.csv,today,350,306,0.5335365853658537,0.46646341463414637
互联网,002803.SZ.csv,next,321,300,0.5169082125603864,0.4830917874396135
互联网,002803.SZ.csv,today,290,332,0.4662379421221865,0.5337620578778135
互联网,003010.SZ.csv,next,185,179,0.5082417582417582,0.49175824175824173
互联网,003010.SZ.csv,today,185,180,0.5068493150684932,0.4931506849315068
互联网,300002.SZ.csv,next,266,252,0.5135135135135135,0.4864864864864865
互联网,300002.SZ.csv,today,255,264,0.4913294797687861,0.5086705202312138
互联网,300031.SZ.csv,next,251,264,0.487378640776699,0.512621359223301
互联网,300031.SZ.csv,today,242,274,0.4689922480620155,0.5310077519379846
互联网,300043.SZ.csv,next,318,249,0.5608465608465608,0.43915343915343913
互联网,300043.SZ.csv,today,299,269,0.5264084507042254,0.4735915492957746
互联网,300113.SZ.csv,next,340,305,0.5271317829457365,0.4728682170542636
互联网,300113.SZ.csv,today,322,324,0.4984520123839009,0.5015479876160991
互联网,300148.SZ.csv,next,86,63,0.5771812080536913,0.4228187919463087
互联网,300148.SZ.csv,today,74,76,0.49333333333333335,0.5066666666666667
互联网,300226.SZ.csv,next,526,459,0.534010152284264,0.46598984771573604
互联网,300226.SZ.csv,today,521,465,0.5283975659229209,0.4716024340770791
互联网,300292.SZ.csv,next,120,108,0.5263157894736842,0.47368421052631576
互联网,300292.SZ.csv,today,122,107,0.5327510917030568,0.4672489082969432
互联网,300315.SZ.csv,next,263,224,0.5400410677618069,0.459958932238193
互联网,300315.SZ.csv,today,248,240,0.5081967213114754,0.4918032786885246
互联网,300464.SZ.csv,next,140,116,0.546875,0.453125
互联网,300464.SZ.csv,today,132,125,0.5136186770428015,0.48638132295719844
互联网,300467.SZ.csv,next,106,80,0.5698924731182796,0.43010752688172044
互联网,300467.SZ.csv,today,106,81,0.5668449197860963,0.43315508021390375
互联网,300533.SZ.csv,next,120,111,0.5194805194805194,0.4805194805194805
互联网,300533.SZ.csv,today,113,119,0.4870689655172414,0.5129310344827587
互联网,300766.SZ.csv,next,334,289,0.536115569823435,0.463884430176565
互联网,300766.SZ.csv,today,333,291,0.5336538461538461,0.46634615384615385
互联网,300987.SZ.csv,next,131,114,0.5346938775510204,0.46530612244897956
互联网,300987.SZ.csv,today,120,126,0.4878048780487805,0.5121951219512195
互联网,301110.SZ.csv,next,49,49,0.5,0.5
互联网,301110.SZ.csv,today,43,56,0.43434343434343436,0.5656565656565656
互联网,301558.SZ.csv,next,216,207,0.5106382978723404,0.48936170212765956
互联网,301558.SZ.csv,today,216,208,0.5094339622641509,0.49056603773584906
互联网,600539.SH.csv,next,77,75,0.506578947368421,0.4934210526315789
互联网,600539.SH.csv,today,78,75,0.5098039215686274,0.49019607843137253
互联网,600892.SH.csv,next,62,39,0.6138613861386139,0.38613861386138615
互联网,600892.SH.csv,today,50,52,0.49019607843137253,0.5098039215686274
互联网,601113.SH.csv,next,82,61,0.5734265734265734,0.42657342657342656
互联网,601113.SH.csv,today,88,56,0.6111111111111112,0.3888888888888889
互联网,603444.SH.csv,next,476,481,0.49738766980146293,0.5026123301985371
互联网,603444.SH.csv,today,476,482,0.4968684759916493,0.5031315240083507
互联网,603533.SH.csv,next,495,472,0.5118924508790073,0.48810754912099275
互联网,603533.SH.csv,today,480,488,0.49586776859504134,0.5041322314049587
互联网,605136.SH.csv,next,210,199,0.5134474327628362,0.48655256723716384
互联网,605136.SH.csv,today,207,203,0.5048780487804878,0.4951219512195122
互联网,688500.SH.csv,next,46,37,0.5542168674698795,0.4457831325301205
互联网,688500.SH.csv,today,37,47,0.44047619047619047,0.5595238095238095
券商,000712.SZ.csv,next,149,153,0.49337748344370863,0.5066225165562914
券商,000712.SZ.csv,today,152,151,0.5016501650165016,0.49834983498349833
券商,000776.SZ.csv,next,838,714,0.5399484536082474,0.46005154639175255
券商,000776.SZ.csv,today,836,717,0.5383129426915647,0.4616870573084353
券商,001236.SZ.csv,next,70,64,0.5223880597014925,0.47761194029850745
券商,001236.SZ.csv,today,63,72,0.4666666666666667,0.5333333333333333
券商,002670.SZ.csv,next,191,146,0.5667655786350149,0.4332344213649852
券商,002670.SZ.csv,today,175,163,0.5177514792899408,0.4822485207100592
券商,002736.SZ.csv,next,843,698,0.5470473718364698,0.45295262816353016
券商,002736.SZ.csv,today,839,703,0.5440985732814526,0.45590142671854733
券商,002926.SZ.csv,next,599,499,0.5455373406193078,0.4544626593806922
券商,002926.SZ.csv,today,591,508,0.5377616014558689,0.462238398544131
券商,002939.SZ.csv,next,554,494,0.5286259541984732,0.4713740458015267
券商,002939.SZ.csv,today,551,498,0.5252621544327931,0.4747378455672069
券商,002961.SZ.csv,next,312,285,0.5226130653266332,0.47738693467336685
券商,002961.SZ.csv,today,295,303,0.49331103678929766,0.5066889632107023
券商,600095.SH.csv,next,237,201,0.541095890410959,0.4589041095890411
券商,600095.SH.csv,today,199,240,0.4533029612756264,0.5466970387243736
券商,600155.SH.csv,next,225,198,0.5319148936170213,0.46808510638297873
券商,600155.SH.csv,today,220,204,0.5188679245283019,0.4811320754716981
券商,600621.SH.csv,next,223,236,0.485838779956427,0.514161220043573
券商,600621.SH.csv,today,230,230,0.5,0.5
券商,600906.SH.csv,next,210,176,0.5440414507772021,0.45595854922279794
券商,600906.SH.csv,today,206,181,0.5322997416020672,0.46770025839793283
券商,600918.SH.csv,next,397,323,0.5513888888888889,0.4486111111111111
券商,600918.SH.csv,today,397,324,0.550624133148405,0.44937586685159503
券商,600927.SH.csv,next,136,111,0.5506072874493927,0.4493927125506073
券商,600927.SH.csv,today,136,112,0.5483870967741935,0.45161290322580644
券商,601059.SH.csv,next,37,32,0.5362318840579711,0.463768115942029
券商,601059.SH.csv,today,37,33,0.5285714285714286,0.4714285714285714
券商,601108.SH.csv,next,638,563,0.5312239800166528,0.4687760199833472
券商,601108.SH.csv,today,626,576,0.5207986688851913,0.47920133111480867
券商,601136.SH.csv,next,40,40,0.5,0.5
券商,601136.SH.csv,today,37,44,0.4567901234567901,0.5432098765432098
券商,601162.SH.csv,next,621,465,0.5718232044198895,0.4281767955801105
券商,601162.SH.csv,today,619,468,0.5694572217111316,0.43054277828886844
券商,601198.SH.csv,next,803,693,0.5367647058823529,0.4632352941176471
券商,601198.SH.csv,today,798,699,0.533066132264529,0.46693386773547096
券商,601211.SH.csv,next,831,722,0.5350933676754669,0.46490663232453316
券商,601211.SH.csv,today,829,725,0.5334620334620335,0.46653796653796653
券商,601236.SH.csv,next,418,348,0.5456919060052219,0.45430809399477806
券商,601236.SH.csv,today,417,350,0.5436766623207301,0.45632333767926986
券商,601377.SH.csv,next,858,676,0.559322033898305,0.4406779661016949
券商,601377.SH.csv,today,855,680,0.5570032573289903,0.44299674267100975
券商,601456.SH.csv,next,338,294,0.5348101265822784,0.4651898734177215
券商,601456.SH.csv,today,340,293,0.5371248025276462,0.4628751974723539
券商,601555.SH.csv,next,839,678,0.5530652603823335,0.44693473961766644
券商,601555.SH.csv,today,834,684,0.549407114624506,0.4505928853754941
券商,601696.SH.csv,next,414,371,0.5273885350318471,0.4726114649681529
券商,601696.SH.csv,today,414,372,0.5267175572519084,0.4732824427480916
券商,601788.SH.csv,next,825,721,0.5336351875808538,0.4663648124191462
券商,601788.SH.csv,today,821,726,0.5307045895281189,0.46929541047188106
券商,601878.SH.csv,next,707,596,0.5425940138142747,0.45740598618572526
券商,601878.SH.csv,today,698,606,0.5352760736196319,0.4647239263803681
券商,601881.SH.csv,next,802,726,0.524869109947644,0.47513089005235604
券商,601881.SH.csv,today,800,729,0.5232177894048398,0.47678221059516024
券商,601901.SH.csv,next,804,699,0.5349301397205589,0.46506986027944114
券商,601901.SH.csv,today,806,698,0.535904255319149,0.4640957446808511
券商,603093.SH.csv,next,375,373,0.5013368983957219,0.49866310160427807
券商,603093.SH.csv,today,374,375,0.4993324432576769,0.5006675567423231
园林工程,000010.SZ.csv,next,368,256,0.5897435897435898,0.41025641025641024
园林工程,000010.SZ.csv,today,362,263,0.5792,0.4208
园林工程,001267.SZ.csv,next,69,66,0.5111111111111111,0.4888888888888889
园林工程,001267.SZ.csv,today,63,73,0.4632352941176471,0.5367647058823529
园林工程,002200.SZ.csv,next,109,87,0.5561224489795918,0.44387755102040816
园林工程,002200.SZ.csv,today,109,88,0.5532994923857868,0.4467005076142132
园林工程,002310.SZ.csv,next,378,317,0.543884892086331,0.45611510791366905
园林工程,002310.SZ.csv,today,369,327,0.5301724137931034,0.4698275862068966
园林工程,002431.SZ.csv,next,201,157,0.5614525139664804,0.43854748603351956
园林工程,002431.SZ.csv,today,196,163,0.5459610027855153,0.45403899721448465
园林工程,002663.SZ.csv,next,53,42,0.5578947368421052,0.4421052631578947
园林工程,002663.SZ.csv,today,44,52,0.4583333333333333,0.5416666666666666
园林工程,002717.SZ.csv,next,374,270,0.5807453416149069,0.4192546583850932
园林工程,002717.SZ.csv,today,354,291,0.5488372093023256,0.4511627906976744
园林工程,002775.SZ.csv,next,150,121,0.5535055350553506,0.44649446494464945
园林工程,002775.SZ.csv,today,151,121,0.5551470588235294,0.44485294117647056
园林工程,300197.SZ.csv,next,191,156,0.5504322766570605,0.4495677233429395
园林工程,300197.SZ.csv,today,203,145,0.5833333333333334,0.4166666666666667
园林工程,300237.SZ.csv,next,188,146,0.562874251497006,0.437125748502994
园林工程,300237.SZ.csv,today,174,161,0.5194029850746269,0.48059701492537316
园林工程,300266.SZ.csv,next,111,89,0.555,0.445
园林工程,300266.SZ.csv,today,108,93,0.5373134328358209,0.4626865671641791
园林工程,300536.SZ.csv,next,107,94,0.5323383084577115,0.46766169154228854
园林工程,300536.SZ.csv,today,99,103,0.4900990099009901,0.5099009900990099
园林工程,300649.SZ.csv,next,127,118,0.5183673469387755,0.4816326530612245
园林工程,300649.SZ.csv,today,118,128,0.4796747967479675,0.5203252032520326
园林工程,301098.SZ.csv,next,62,53,0.5391304347826087,0.4608695652173913
园林工程,301098.SZ.csv,today,48,68,0.41379310344827586,0.5862068965517241
园林工程,603007.SH.csv,next,207,179,0.5362694300518135,0.4637305699481865
园林工程,603007.SH.csv,today,202,185,0.5219638242894057,0.4780361757105943
园林工程,603316.SH.csv,next,99,93,0.515625,0.484375
园林工程,603316.SH.csv,today,89,104,0.46113989637305697,0.538860103626943
园林工程,603359.SH.csv,next,226,196,0.5355450236966824,0.46445497630331756
园林工程,603359.SH.csv,today,200,223,0.4728132387706856,0.5271867612293144
园林工程,603388.SH.csv,next,116,120,0.4915254237288136,0.5084745762711864
园林工程,603388.SH.csv,today,124,113,0.5232067510548524,0.4767932489451477
园林工程,603717.SH.csv,next,108,94,0.5346534653465347,0.46534653465346537
园林工程,603717.SH.csv,today,104,99,0.5123152709359606,0.4876847290640394
园林工程,603778.SH.csv,next,49,42,0.5384615384615384,0.46153846153846156
园林工程,603778.SH.csv,today,45,47,0.4891304347826087,0.5108695652173914
园林工程,603955.SH.csv,next,117,94,0.5545023696682464,0.44549763033175355
园林工程,603955.SH.csv,today,112,100,0.5283018867924528,0.4716981132075472
园林工程,605303.SH.csv,next,85,72,0.5414012738853503,0.4585987261146497
园林工程,605303.SH.csv,today,78,80,0.4936708860759494,0.5063291139240507
家电,000016.SZ.csv,next,586,542,0.5195035460992907,0.4804964539007092
家电,000016.SZ.csv,today,583,546,0.516386182462356,0.48361381753764393
家电,000541.SZ.csv,next,444,393,0.5304659498207885,0.46953405017921146
家电,000541.SZ.csv,today,440,398,0.5250596658711217,0.47494033412887826
家电,002032.SZ.csv,next,676,621,0.5212027756360833,0.47879722436391675
家电,002032.SZ.csv,today,668,630,0.514637904468413,0.48536209553158705
家电,002076.SZ.csv,next,104,81,0.5621621621621622,0.43783783783783786
家电,002076.SZ.csv,today,101,85,0.543010752688172,0.45698924731182794
家电,002290.SZ.csv,next,138,131,0.5130111524163569,0.48698884758364314
家电,002290.SZ.csv,today,139,131,0.5148148148148148,0.48518518518518516
家电,002403.SZ.csv,next,199,183,0.5209424083769634,0.4790575916230366
家电,002403.SZ.csv,today,195,188,0.5091383812010444,0.4908616187989556
家电,002543.SZ.csv,next,357,306,0.5384615384615384,0.46153846153846156
家电,002543.SZ.csv,today,349,315,0.5256024096385542,0.4743975903614458
家电,002676.SZ.csv,next,150,121,0.5535055350553506,0.44649446494464945
家电,002676.SZ.csv,today,142,130,0.5220588235294118,0.47794117647058826
家电,002705.SZ.csv,next,382,351,0.5211459754433834,0.47885402455661663
家电,002705.SZ.csv,today,384,350,0.5231607629427792,0.4768392370572207
家电,002860.SZ.csv,next,199,204,0.49379652605459057,0.5062034739454094
家电,002860.SZ.csv,today,194,210,0.4801980198019802,0.5198019801980198
家电,300403.SZ.csv,next,204,206,0.4975609756097561,0.5024390243902439
家电,300403.SZ.csv,today,196,215,0.4768856447688564,0.5231143552311436
家电,300475.SZ.csv,next,132,137,0.49070631970260226,0.5092936802973977
家电,300475.SZ.csv,today,119,151,0.44074074074074077,0.5592592592592592
家电,300824.SZ.csv,next,174,148,0.5403726708074534,0.45962732919254656
家电,300824.SZ.csv,today,174,149,0.5386996904024768,0.4613003095975232
家电,300911.SZ.csv,next,218,186,0.5396039603960396,0.4603960396039604
家电,300911.SZ.csv,today,201,204,0.4962962962962963,0.5037037037037037
家电,301070.SZ.csv,next,50,53,0.4854368932038835,0.5145631067961165
家电,301070.SZ.csv,today,49,55,0.47115384615384615,0.5288461538461539
家电,600336.SH.csv,next,455,422,0.5188141391106044,0.4811858608893957
家电,600336.SH.csv,today,454,424,0.5170842824601367,0.48291571753986334
家电,600619.SH.csv,next,214,191,0.528395061728395,0.47160493827160493
家电,600619.SH.csv,today,225,181,0.5541871921182266,0.4458128078817734
家电,600651.SH.csv,next,163,145,0.5292207792207793,0.4707792207792208
家电,600651.SH.csv,today,160,149,0.517799352750809,0.48220064724919093
家电,600983.SH.csv,next,230,196,0.539906103286385,0.460093896713615
家电,600983.SH.csv,today,233,194,0.5456674473067916,0.45433255269320844
家电,601956.SH.csv,next,72,63,0.5333333333333333,0.4666666666666667
家电,601956.SH.csv,today,68,68,0.5,0.5
家电,603215.SH.csv,next,64,55,0.5378151260504201,0.46218487394957986
家电,603215.SH.csv,today,66,54,0.55,0.45
家电,603219.SH.csv,next,62,49,0.5585585585585585,0.44144144144144143
家电,603219.SH.csv,today,65,47,0.5803571428571429,0.41964285714285715
家电,603366.SH.csv,next,320,297,0.5186385737439222,0.4813614262560778
家电,603366.SH.csv,today,313,305,0.5064724919093851,0.4935275080906149
家电,603579.SH.csv,next,224,222,0.5022421524663677,0.4977578475336323
家电,603579.SH.csv,today,224,223,0.5011185682326622,0.4988814317673378
家电,603657.SH.csv,next,117,94,0.5545023696682464,0.44549763033175355
家电,603657.SH.csv,today,108,104,0.5094339622641509,0.49056603773584906
家电,603677.SH.csv,next,132,122,0.5196850393700787,0.48031496062992124
家电,603677.SH.csv,today,117,138,0.4588235294117647,0.5411764705882353
家电,603726.SH.csv,next,108,108,0.5,0.5
家电,603726.SH.csv,today,104,113,0.4792626728110599,0.5207373271889401
家电,603868.SH.csv,next,181,163,0.5261627906976745,0.4738372093023256
家电,603868.SH.csv,today,169,176,0.48985507246376814,0.5101449275362319
家电,605336.SH.csv,next,184,177,0.5096952908587258,0.4903047091412742
家电,605336.SH.csv,today,178,184,0.49171270718232046,0.5082872928176796
家电,688793.SH.csv,next,161,140,0.5348837209302325,0.46511627906976744
家电,688793.SH.csv,today,164,138,0.543046357615894,0.45695364238410596
影视动漫,000802.SZ.csv,next,265,227,0.5386178861788617,0.4613821138211382
影视动漫,000802.SZ.csv,today,260,233,0.5273833671399595,0.4726166328600406
影视动漫,000892.SZ.csv,next,228,160,0.5876288659793815,0.41237113402061853
影视动漫,000892.SZ.csv,today,220,169,0.5655526992287918,0.43444730077120824
影视动漫,001330.SZ.csv,next,68,72,0.4857142857142857,0.5142857142857142
影视动漫,001330.SZ.csv,today,67,74,0.475177304964539,0.524822695035461
影视动漫,002292.SZ.csv,next,291,245,0.542910447761194,0.457089552238806
影视动漫,002292.SZ.csv,today,306,231,0.5698324022346368,0.4301675977653631
影视动漫,002343.SZ.csv,next,231,191,0.54739336492891,0.45260663507109006
影视动漫,002343.SZ.csv,today,244,179,0.5768321513002365,0.4231678486997636
影视动漫,002445.SZ.csv,next,151,124,0.5490909090909091,0.4509090909090909
影视动漫,002445.SZ.csv,today,148,128,0.5362318840579711,0.463768115942029
影视动漫,002739.SZ.csv,next,319,306,0.5104,0.4896
影视动漫,002739.SZ.csv,today,318,308,0.5079872204472844,0.49201277955271566
影视动漫,002905.SZ.csv,next,174,138,0.5576923076923077,0.4423076923076923
影视动漫,002905.SZ.csv,today,168,145,0.536741214057508,0.46325878594249204
影视动漫,300027.SZ.csv,next,281,244,0.5352380952380953,0.46476190476190476
影视动漫,300027.SZ.csv,today,282,244,0.5361216730038023,0.46387832699619774
影视动漫,300133.SZ.csv,next,455,419,0.5205949656750573,0.4794050343249428
影视动漫,300133.SZ.csv,today,449,426,0.5131428571428571,0.4868571428571429
影视动漫,300182.SZ.csv,next,178,165,0.5189504373177842,0.48104956268221577
影视动漫,300182.SZ.csv,today,162,182,0.47093023255813954,0.5290697674418605
影视动漫,300251.SZ.csv,next,546,513,0.5155807365439093,0.48441926345609065
影视动漫,300251.SZ.csv,today,540,520,0.5094339622641509,0.49056603773584906
影视动漫,300291.SZ.csv,next,255,214,0.5437100213219617,0.4562899786780384
影视动漫,300291.SZ.csv,today,244,226,0.5191489361702127,0.4808510638297872
影视动漫,300426.SZ.csv,next,224,183,0.5503685503685504,0.44963144963144963
影视动漫,300426.SZ.csv,today,225,183,0.5514705882352942,0.4485294117647059
影视动漫,300528.SZ.csv,next,145,137,0.5141843971631206,0.4858156028368794
影视动漫,300528.SZ.csv,today,134,149,0.4734982332155477,0.5265017667844523
影视动漫,600052.SH.csv,next,131,97,0.5745614035087719,0.42543859649122806
影视动漫,600052.SH.csv,today,122,107,0.5327510917030568,0.4672489082969432
影视动漫,600576.SH.csv,next,349,291,0.5453125,0.4546875
影视动漫,600576.SH.csv,today,350,291,0.5460218408736349,0.4539781591263651
影视动漫,600977.SH.csv,next,380,390,0.4935064935064935,0.5064935064935064
影视动漫,600977.SH.csv,today,378,393,0.490272373540856,0.5097276264591439
影视动漫,601595.SH.csv,next,159,152,0.5112540192926045,0.4887459807073955
影视动漫,601595.SH.csv,today,169,143,0.5416666666666666,0.4583333333333333
影视动漫,603103.SH.csv,next,376,345,0.521497919556172,0.478502080443828
影视动漫,603103.SH.csv,today,380,342,0.5263157894736842,0.47368421052631576
房地产,000006.SZ.csv,next,202,179,0.5301837270341208,0.46981627296587924
房地产,000006.SZ.csv,today,193,189,0.5052356020942408,0.49476439790575916
房地产,000029.SZ.csv,next,91,87,0.5112359550561798,0.4887640449438202
房地产,000029.SZ.csv,today,96,83,0.5363128491620112,0.46368715083798884
房地产,000514.SZ.csv,next,180,138,0.5660377358490566,0.4339622641509434
房地产,000514.SZ.csv,today,169,150,0.5297805642633229,0.4702194357366771
房地产,000558.SZ.csv,next,125,100,0.5555555555555556,0.4444444444444444
房地产,000558.SZ.csv,today,124,102,0.5486725663716814,0.45132743362831856
房地产,000573.SZ.csv,next,113,91,0.553921568627451,0.44607843137254904
房地产,000573.SZ.csv,today,101,104,0.4926829268292683,0.5073170731707317
房地产,000838.SZ.csv,next,175,136,0.5627009646302251,0.43729903536977494
房地产,000838.SZ.csv,today,176,136,0.5641025641025641,0.4358974358974359
房地产,000863.SZ.csv,next,238,187,0.56,0.44
房地产,000863.SZ.csv,today,222,204,0.5211267605633803,0.4788732394366197
房地产,000965.SZ.csv,next,135,120,0.5294117647058824,0.47058823529411764
房地产,000965.SZ.csv,today,125,131,0.48828125,0.51171875
房地产,002133.SZ.csv,next,162,148,0.5225806451612903,0.4774193548387097
房地产,002133.SZ.csv,today,157,154,0.5048231511254019,0.49517684887459806
房地产,002208.SZ.csv,next,210,198,0.5147058823529411,0.4852941176470588
房地产,002208.SZ.csv,today,213,196,0.5207823960880196,0.4792176039119804
房地产,002244.SZ.csv,next,556,470,0.5419103313840156,0.4580896686159844
房地产,002244.SZ.csv,today,561,466,0.5462512171372931,0.4537487828627069
房地产,002314.SZ.csv,next,306,248,0.5523465703971119,0.44765342960288806
房地产,002314.SZ.csv,today,296,259,0.5333333333333333,0.4666666666666667
房地产,600007.SH.csv,next,104,118,0.46846846846846846,0.5315315315315315
房地产,600007.SH.csv,today,106,117,0.47533632286995514,0.5246636771300448
房地产,600067.SH.csv,next,167,136,0.5511551155115512,0.44884488448844884
房地产,600067.SH.csv,today,163,141,0.5361842105263158,0.46381578947368424
房地产,600082.SH.csv,next,101,87,0.5372340425531915,0.4627659574468085
房地产,600082.SH.csv,today,96,93,0.5079365079365079,0.49206349206349204
房地产,600094.SH.csv,next,335,237,0.5856643356643356,0.4143356643356643
房地产,600094.SH.csv,today,325,248,0.5671902268760908,0.4328097731239092
房地产,600158.SH.csv,next,277,272,0.5045537340619308,0.49544626593806923
房地产,600158.SH.csv,today,263,287,0.4781818181818182,0.5218181818181818
房地产,600173.SH.csv,next,536,429,0.555440414507772,0.44455958549222796
房地产,600173.SH.csv,today,525,441,0.5434782608695652,0.45652173913043476
房地产,600223.SH.csv,next,298,319,0.4829821717990275,0.5170178282009724
房地产,600223.SH.csv,today,278,340,0.44983818770226536,0.5501618122977346
房地产,600246.SH.csv,next,322,266,0.5476190476190477,0.4523809523809524
房地产,600246.SH.csv,today,314,275,0.533106960950764,0.466893039049236
房地产,600322.SH.csv,next,123,79,0.6089108910891089,0.3910891089108911
房地产,600322.SH.csv,today,123,80,0.6059113300492611,0.39408866995073893
房地产,600340.SH.csv,next,672,583,0.5354581673306773,0.4645418326693227
房地产,600340.SH.csv,today,675,581,0.5374203821656051,0.4625796178343949
房地产,600604.SH.csv,next,343,294,0.5384615384615384,0.46153846153846156
房地产,600604.SH.csv,today,325,313,0.5094043887147336,0.49059561128526646
房地产,600605.SH.csv,next,169,140,0.5469255663430421,0.45307443365695793
房地产,600605.SH.csv,today,151,159,0.4870967741935484,0.5129032258064516
房地产,600622.SH.csv,next,195,177,0.5241935483870968,0.47580645161290325
房地产,600622.SH.csv,today,184,189,0.4932975871313673,0.5067024128686327
房地产,600638.SH.csv,next,144,135,0.5161290322580645,0.4838709677419355
房地产,600638.SH.csv,today,144,136,0.5142857142857142,0.4857142857142857
房地产,600708.SH.csv,next,306,260,0.5406360424028268,0.45936395759717313
房地产,600708.SH.csv,today,310,257,0.54673721340388,0.4532627865961199
房地产,600743.SH.csv,next,311,209,0.5980769230769231,0.40192307692307694
房地产,600743.SH.csv,today,299,222,0.5738963531669866,0.42610364683301344
房地产,600807.SH.csv,next,311,236,0.5685557586837294,0.43144424131627057
房地产,600807.SH.csv,today,303,245,0.5529197080291971,0.4470802919708029
房地产,603506.SH.csv,next,221,221,0.5,0.5
房地产,603506.SH.csv,today,223,220,0.5033860045146726,0.4966139954853273
文化传媒,000607.SZ.csv,next,147,122,0.5464684014869888,0.45353159851301117
文化传媒,000607.SZ.csv,today,145,125,0.5370370370370371,0.46296296296296297
文化传媒,000665.SZ.csv,next,168,138,0.5490196078431373,0.45098039215686275
文化传媒,000665.SZ.csv,today,169,138,0.5504885993485342,0.4495114006514658
文化传媒,000917.SZ.csv,next,181,165,0.523121387283237,0.476878612716763
文化传媒,000917.SZ.csv,today,166,181,0.4783861671469741,0.521613832853026
文化传媒,002181.SZ.csv,next,179,158,0.5311572700296736,0.4688427299703264
文化传媒,002181.SZ.csv,today,168,170,0.4970414201183432,0.5029585798816568
文化传媒,002183.SZ.csv,next,542,436,0.5541922290388548,0.4458077709611452
文化传媒,002183.SZ.csv,today,539,440,0.550561797752809,0.449438202247191
文化传媒,002210.SZ.csv,next,112,93,0.5463414634146342,0.45365853658536587
文化传媒,002210.SZ.csv,today,105,101,0.5097087378640777,0.49029126213592233
文化传媒,002238.SZ.csv,next,168,159,0.5137614678899083,0.48623853211009177
文化传媒,002238.SZ.csv,today,157,171,0.47865853658536583,0.5213414634146342
文化传媒,002400.SZ.csv,next,176,137,0.5623003194888179,0.43769968051118213
文化传媒,002400.SZ.csv,today,166,148,0.5286624203821656,0.4713375796178344
文化传媒,002712.SZ.csv,next,136,114,0.544,0.456
文化传媒,002712.SZ.csv,today,120,131,0.47808764940239046,0.5219123505976095
文化传媒,002769.SZ.csv,next,130,119,0.5220883534136547,0.4779116465863454
文化传媒,002769.SZ.csv,today,118,132,0.472,0.528
文化传媒,002878.SZ.csv,next,277,251,0.5246212121212122,0.4753787878787879
文化传媒,002878.SZ.csv,today,261,268,0.4933837429111531,0.5066162570888468
文化传媒,300061.SZ.csv,next,129,111,0.5375,0.4625
文化传媒,300061.SZ.csv,today,123,118,0.5103734439834025,0.4896265560165975
文化传媒,300269.SZ.csv,next,152,147,0.5083612040133779,0.4916387959866221
文化传媒,300269.SZ.csv,today,153,147,0.51,0.49
文化传媒,300688.SZ.csv,next,452,448,0.5022222222222222,0.49777777777777776
文化传媒,300688.SZ.csv,today,448,453,0.4972253052164262,0.5027746947835738
文化传媒,300805.SZ.csv,next,73,60,0.5488721804511278,0.45112781954887216
文化传媒,300805.SZ.csv,today,65,69,0.48507462686567165,0.5149253731343284
文化传媒,300860.SZ.csv,next,163,142,0.5344262295081967,0.46557377049180326
文化传媒,300860.SZ.csv,today,158,148,0.5163398692810458,0.48366013071895425
文化传媒,301025.SZ.csv,next,90,75,0.5454545454545454,0.45454545454545453
文化传媒,301025.SZ.csv,today,85,81,0.5120481927710844,0.4879518072289157
文化传媒,301052.SZ.csv,next,114,95,0.5454545454545454,0.45454545454545453
文化传媒,301052.SZ.csv,today,108,102,0.5142857142857142,0.4857142857142857
文化传媒,301231.SZ.csv,next,32,38,0.45714285714285713,0.5428571428571428
文化传媒,301231.SZ.csv,today,34,37,0.4788732394366197,0.5211267605633803
文化传媒,600551.SH.csv,next,172,145,0.5425867507886435,0.45741324921135645
文化传媒,600551.SH.csv,today,169,149,0.5314465408805031,0.46855345911949686
文化传媒,600936.SH.csv,next,86,68,0.5584415584415584,0.44155844155844154
文化传媒,600936.SH.csv,today,83,72,0.535483870967742,0.4645161290322581
文化传媒,600986.SH.csv,next,240,219,0.5228758169934641,0.477124183006536
文化传媒,600986.SH.csv,today,225,235,0.4891304347826087,0.5108695652173914
文化传媒,600996.SH.csv,next,110,88,0.5555555555555556,0.4444444444444444
文化传媒,600996.SH.csv,today,101,98,0.507537688442211,0.49246231155778897
文化传媒,601019.SH.csv,next,100,98,0.5050505050505051,0.494949494949495
文化传媒,601019.SH.csv,today,94,105,0.4723618090452261,0.5276381909547738
文化传媒,601098.SH.csv,next,179,167,0.5173410404624278,0.48265895953757226
文化传媒,601098.SH.csv,today,171,176,0.49279538904899134,0.5072046109510087
文化传媒,601858.SH.csv,next,97,105,0.4801980198019802,0.5198019801980198
文化传媒,601858.SH.csv,today,88,115,0.43349753694581283,0.5665024630541872
文化传媒,603466.SH.csv,next,245,266,0.4794520547945205,0.5205479452054794
文化传媒,603466.SH.csv,today,241,271,0.470703125,0.529296875
文化传媒,603648.SH.csv,next,120,128,0.4838709677419355,0.5161290322580645
文化传媒,603648.SH.csv,today,121,128,0.4859437751004016,0.5140562248995983
文化传媒,603825.SH.csv,next,240,236,0.5042016806722689,0.4957983193277311
文化传媒,603825.SH.csv,today,244,233,0.5115303983228512,0.48846960167714887
文化传媒,605168.SH.csv,next,305,269,0.5313588850174216,0.4686411149825784
文化传媒,605168.SH.csv,today,297,278,0.5165217391304348,0.4834782608695652
旅游,000430.SZ.csv,next,95,75,0.5588235294117647,0.4411764705882353
旅游,000430.SZ.csv,today,90,81,0.5263157894736842,0.47368421052631576
旅游,000524.SZ.csv,next,0,0,0.0,0.0
旅游,000524.SZ.csv,today,0,0,0.0,0.0
旅游,000610.SZ.csv,next,63,61,0.5080645161290323,0.49193548387096775
旅游,000610.SZ.csv,today,61,64,0.488,0.512
旅游,000796.SZ.csv,next,293,246,0.5435992578849722,0.45640074211502785
旅游,000796.SZ.csv,today,294,246,0.5444444444444444,0.45555555555555555
旅游,000888.SZ.csv,next,329,301,0.5222222222222223,0.4777777777777778
旅游,000888.SZ.csv,today,316,315,0.5007923930269413,0.49920760697305866
旅游,000978.SZ.csv,next,164,154,0.5157232704402516,0.48427672955974843
旅游,000978.SZ.csv,today,153,166,0.47962382445141066,0.5203761755485894
旅游,002033.SZ.csv,next,207,206,0.5012106537530266,0.49878934624697335
旅游,002033.SZ.csv,today,204,210,0.4927536231884058,0.5072463768115942
旅游,002059.SZ.csv,next,150,123,0.5494505494505495,0.45054945054945056
旅游,002059.SZ.csv,today,148,126,0.5401459854014599,0.45985401459854014
旅游,002159.SZ.csv,next,171,149,0.534375,0.465625
旅游,002159.SZ.csv,today,167,154,0.5202492211838006,0.4797507788161994
旅游,002707.SZ.csv,next,272,237,0.5343811394891945,0.4656188605108055
旅游,002707.SZ.csv,today,263,247,0.515686274509804,0.4843137254901961
旅游,300144.SZ.csv,next,368,366,0.5013623978201635,0.4986376021798365
旅游,300144.SZ.csv,today,363,372,0.49387755102040815,0.5061224489795918
旅游,300178.SZ.csv,next,127,113,0.5291666666666667,0.4708333333333333
旅游,300178.SZ.csv,today,130,111,0.5394190871369294,0.4605809128630705
旅游,300859.SZ.csv,next,67,80,0.4557823129251701,0.54421768707483
旅游,300859.SZ.csv,today,58,90,0.3918918918918919,0.6081081081081081
旅游,600054.SH.csv,next,134,145,0.48028673835125446,0.5197132616487455
旅游,600054.SH.csv,today,138,142,0.4928571428571429,0.5071428571428571
旅游,600138.SH.csv,next,456,434,0.5123595505617977,0.48764044943820223
旅游,600138.SH.csv,today,458,433,0.5140291806958474,0.48597081930415265
旅游,600358.SH.csv,next,101,102,0.4975369458128079,0.5024630541871922
旅游,600358.SH.csv,today,96,108,0.47058823529411764,0.5294117647058824
旅游,600555.SH.csv,next,55,36,0.6043956043956044,0.3956043956043956
旅游,600555.SH.csv,today,56,36,0.6086956521739131,0.391304347826087
旅游,600593.SH.csv,next,157,135,0.5376712328767124,0.4623287671232877
旅游,600593.SH.csv,today,156,137,0.5324232081911263,0.46757679180887374
旅游,600706.SH.csv,next,161,201,0.4447513812154696,0.5552486187845304
旅游,600706.SH.csv,today,153,210,0.4214876033057851,0.5785123966942148
旅游,600749.SH.csv,next,95,94,0.5026455026455027,0.4973544973544973
旅游,600749.SH.csv,today,89,101,0.46842105263157896,0.531578947368421
旅游,601888.SH.csv,next,557,582,0.4890254609306409,0.5109745390693591
旅游,601888.SH.csv,today,556,584,0.48771929824561405,0.512280701754386
旅游,603099.SH.csv,next,112,100,0.5283018867924528,0.4716981132075472
旅游,603099.SH.csv,today,105,108,0.49295774647887325,0.5070422535211268
旅游,603136.SH.csv,next,347,350,0.49784791965566716,0.5021520803443329
旅游,603136.SH.csv,today,350,348,0.501432664756447,0.498567335243553
旅游,603199.SH.csv,next,138,150,0.4791666666666667,0.5208333333333334
旅游,603199.SH.csv,today,140,149,0.4844290657439446,0.5155709342560554
机械机床,000410.SZ.csv,next,65,58,0.5284552845528455,0.4715447154471545
机械机床,000410.SZ.csv,today,63,61,0.5080645161290323,0.49193548387096775
机械机床,000837.SZ.csv,next,197,178,0.5253333333333333,0.4746666666666667
机械机床,000837.SZ.csv,today,185,191,0.4920212765957447,0.5079787234042553
机械机床,000922.SZ.csv,next,209,200,0.511002444987775,0.4889975550122249
机械机床,000922.SZ.csv,today,204,206,0.4975609756097561,0.5024390243902439
机械机床,002196.SZ.csv,next,150,125,0.5454545454545454,0.45454545454545453
机械机床,002196.SZ.csv,today,141,135,0.5108695652173914,0.4891304347826087
机械机床,002248.SZ.csv,next,97,84,0.5359116022099447,0.46408839779005523
机械机床,002248.SZ.csv,today,97,85,0.532967032967033,0.46703296703296704
机械机床,002249.SZ.csv,next,251,251,0.5,0.5
机械机床,002249.SZ.csv,today,233,270,0.46322067594433397,0.536779324055666
机械机床,002520.SZ.csv,next,209,179,0.538659793814433,0.46134020618556704
机械机床,002520.SZ.csv,today,208,181,0.5347043701799485,0.4652956298200514
机械机床,002801.SZ.csv,next,148,174,0.45962732919254656,0.5403726708074534
机械机床,002801.SZ.csv,today,144,179,0.4458204334365325,0.5541795665634675
机械机床,002823.SZ.csv,next,192,159,0.5470085470085471,0.452991452991453
机械机床,002823.SZ.csv,today,188,164,0.5340909090909091,0.4659090909090909
机械机床,002892.SZ.csv,next,146,140,0.5104895104895105,0.48951048951048953
机械机床,002892.SZ.csv,today,140,147,0.4878048780487805,0.5121951219512195
机械机床,002903.SZ.csv,next,172,186,0.48044692737430167,0.5195530726256983
机械机床,002903.SZ.csv,today,151,208,0.4206128133704735,0.5793871866295265
机械机床,002943.SZ.csv,next,83,58,0.5886524822695035,0.41134751773049644
机械机床,002943.SZ.csv,today,76,66,0.5352112676056338,0.4647887323943662
机械机床,300503.SZ.csv,next,147,154,0.4883720930232558,0.5116279069767442
机械机床,300503.SZ.csv,today,139,163,0.4602649006622517,0.5397350993377483
机械机床,300660.SZ.csv,next,133,131,0.5037878787878788,0.4962121212121212
机械机床,300660.SZ.csv,today,126,139,0.47547169811320755,0.5245283018867924
机械机床,301320.SZ.csv,next,0,0,0.0,0.0
机械机床,301320.SZ.csv,today,0,0,0.0,0.0
机械机床,600243.SH.csv,next,47,48,0.49473684210526314,0.5052631578947369
机械机床,600243.SH.csv,today,49,47,0.5104166666666666,0.4895833333333333
机械机床,600580.SH.csv,next,247,278,0.4704761904761905,0.5295238095238095
机械机床,600580.SH.csv,today,251,275,0.47718631178707227,0.5228136882129277
机械机床,601882.SH.csv,next,178,176,0.5028248587570622,0.4971751412429379
机械机床,601882.SH.csv,today,166,189,0.4676056338028169,0.532394366197183
机械机床,603011.SH.csv,next,201,170,0.5417789757412399,0.4582210242587601
机械机床,603011.SH.csv,today,190,182,0.510752688172043,0.489247311827957
机械机床,603088.SH.csv,next,114,115,0.4978165938864629,0.5021834061135371
机械机床,603088.SH.csv,today,103,127,0.44782608695652176,0.5521739130434783
机械机床,603320.SH.csv,next,98,79,0.5536723163841808,0.4463276836158192
机械机床,603320.SH.csv,today,105,73,0.5898876404494382,0.4101123595505618
机械机床,603391.SH.csv,next,112,111,0.5022421524663677,0.4977578475336323
机械机床,603391.SH.csv,today,112,112,0.5,0.5
机械机床,603489.SH.csv,next,135,111,0.5487804878048781,0.45121951219512196
机械机床,603489.SH.csv,today,121,126,0.4898785425101215,0.5101214574898786
机械机床,603728.SH.csv,next,131,133,0.4962121212121212,0.5037878787878788
机械机床,603728.SH.csv,today,123,142,0.4641509433962264,0.5358490566037736
机械机床,603819.SH.csv,next,100,94,0.5154639175257731,0.4845360824742268
机械机床,603819.SH.csv,today,94,101,0.48205128205128206,0.517948717948718
机械机床,603988.SH.csv,next,103,93,0.5255102040816326,0.4744897959183674
机械机床,603988.SH.csv,today,96,101,0.4873096446700508,0.5126903553299492
机械机床,605555.SH.csv,next,53,49,0.5196078431372549,0.4803921568627451
机械机床,605555.SH.csv,today,50,53,0.4854368932038835,0.5145631067961165
机械机床,688255.SH.csv,next,64,59,0.5203252032520326,0.4796747967479675
机械机床,688255.SH.csv,today,54,70,0.43548387096774194,0.5645161290322581
机械机床,688558.SH.csv,next,113,120,0.48497854077253216,0.5150214592274678
机械机床,688558.SH.csv,today,109,125,0.4658119658119658,0.5341880341880342
机械机床,688697.SH.csv,next,77,74,0.5099337748344371,0.4900662251655629
机械机床,688697.SH.csv,today,82,70,0.5394736842105263,0.4605263157894737
煤炭,000552.SZ.csv,next,182,157,0.5368731563421829,0.4631268436578171
煤炭,000552.SZ.csv,today,186,154,0.5470588235294118,0.45294117647058824
煤炭,000723.SZ.csv,next,427,409,0.5107655502392344,0.4892344497607656
煤炭,000723.SZ.csv,today,431,406,0.5149342891278376,0.4850657108721625
煤炭,000937.SZ.csv,next,601,514,0.5390134529147982,0.4609865470852018
煤炭,000937.SZ.csv,today,588,528,0.5268817204301075,0.4731182795698925
煤炭,000968.SZ.csv,next,227,187,0.5483091787439613,0.45169082125603865
煤炭,000968.SZ.csv,today,213,202,0.5132530120481927,0.4867469879518072
煤炭,000983.SZ.csv,next,503,466,0.5190918472652218,0.4809081527347781
煤炭,000983.SZ.csv,today,508,462,0.5237113402061856,0.4762886597938144
煤炭,002128.SZ.csv,next,301,281,0.5171821305841925,0.48281786941580757
煤炭,002128.SZ.csv,today,306,277,0.5248713550600344,0.4751286449399657
煤炭,600121.SH.csv,next,43,31,0.581081081081081,0.4189189189189189
煤炭,600121.SH.csv,today,36,39,0.48,0.52
煤炭,600123.SH.csv,next,173,177,0.4942857142857143,0.5057142857142857
煤炭,600123.SH.csv,today,173,178,0.4928774928774929,0.5071225071225072
煤炭,600188.SH.csv,next,524,521,0.5014354066985646,0.49856459330143543
煤炭,600188.SH.csv,today,528,518,0.5047801147227533,0.49521988527724664
煤炭,600348.SH.csv,next,277,283,0.49464285714285716,0.5053571428571428
煤炭,600348.SH.csv,today,264,297,0.47058823529411764,0.5294117647058824
煤炭,600395.SH.csv,next,286,266,0.5181159420289855,0.48188405797101447
煤炭,600395.SH.csv,today,272,281,0.4918625678119349,0.5081374321880651
煤炭,600397.SH.csv,next,189,132,0.5887850467289719,0.411214953271028
煤炭,600397.SH.csv,today,179,143,0.5559006211180124,0.4440993788819876
煤炭,600403.SH.csv,next,131,123,0.515748031496063,0.484251968503937
煤炭,600403.SH.csv,today,136,119,0.5333333333333333,0.4666666666666667
煤炭,600408.SH.csv,next,110,92,0.5445544554455446,0.45544554455445546
煤炭,600408.SH.csv,today,111,92,0.5467980295566502,0.45320197044334976
煤炭,600508.SH.csv,next,265,264,0.500945179584121,0.499054820415879
煤炭,600508.SH.csv,today,268,262,0.5056603773584906,0.49433962264150944
煤炭,600725.SH.csv,next,86,75,0.5341614906832298,0.4658385093167702
煤炭,600725.SH.csv,today,85,77,0.5246913580246914,0.47530864197530864
煤炭,600758.SH.csv,next,130,113,0.5349794238683128,0.46502057613168724
煤炭,600758.SH.csv,today,125,119,0.5122950819672131,0.48770491803278687
煤炭,600792.SH.csv,next,89,95,0.483695652173913,0.5163043478260869
煤炭,600792.SH.csv,today,95,90,0.5135135135135135,0.4864864864864865
煤炭,600925.SH.csv,next,12,6,0.6666666666666666,0.3333333333333333
煤炭,600925.SH.csv,today,12,7,0.631578947368421,0.3684210526315789
煤炭,600985.SH.csv,next,398,394,0.5025252525252525,0.49747474747474746
煤炭,600985.SH.csv,today,388,405,0.489281210592686,0.510718789407314
煤炭,600997.SH.csv,next,151,156,0.49185667752442996,0.50814332247557
煤炭,600997.SH.csv,today,158,150,0.512987012987013,0.487012987012987
煤炭,601001.SH.csv,next,215,206,0.5106888361045131,0.48931116389548696
煤炭,601001.SH.csv,today,220,202,0.5213270142180095,0.4786729857819905
煤炭,601011.SH.csv,next,281,257,0.5223048327137546,0.47769516728624534
煤炭,601011.SH.csv,today,263,276,0.48794063079777367,0.5120593692022264
煤炭,601015.SH.csv,next,210,186,0.5303030303030303,0.4696969696969697
煤炭,601015.SH.csv,today,194,203,0.48866498740554154,0.5113350125944585
煤炭,601088.SH.csv,next,507,572,0.46987951807228917,0.5301204819277109
煤炭,601088.SH.csv,today,504,576,0.4666666666666667,0.5333333333333333
煤炭,601101.SH.csv,next,177,149,0.5429447852760736,0.4570552147239264
煤炭,601101.SH.csv,today,177,150,0.5412844036697247,0.45871559633027525
煤炭,601225.SH.csv,next,426,433,0.4959254947613504,0.5040745052386496
煤炭,601225.SH.csv,today,414,446,0.4813953488372093,0.5186046511627908
煤炭,601898.SH.csv,next,475,417,0.5325112107623319,0.4674887892376682
煤炭,601898.SH.csv,today,473,420,0.5296752519596865,0.47032474804031354
煤炭,601918.SH.csv,next,363,298,0.5491679273827534,0.4508320726172466
煤炭,601918.SH.csv,today,349,313,0.527190332326284,0.472809667673716
煤炭,603113.SH.csv,next,283,275,0.507168458781362,0.492831541218638
煤炭,603113.SH.csv,today,272,287,0.4865831842576029,0.5134168157423972
生物医药,000534.SZ.csv,next,159,159,0.5,0.5
生物医药,000534.SZ.csv,today,150,169,0.4702194357366771,0.5297805642633229
生物医药,000661.SZ.csv,next,465,506,0.4788877445932029,0.5211122554067971
生物医药,000661.SZ.csv,today,476,496,0.4897119341563786,0.5102880658436214
生物医药,002252.SZ.csv,next,260,208,0.5555555555555556,0.4444444444444444
生物医药,002252.SZ.csv,today,257,212,0.5479744136460555,0.4520255863539446
生物医药,002550.SZ.csv,next,126,92,0.5779816513761468,0.42201834862385323
生物医药,002550.SZ.csv,today,117,102,0.5342465753424658,0.4657534246575342
生物医药,002581.SZ.csv,next,182,145,0.5565749235474006,0.4434250764525994
生物医药,002581.SZ.csv,today,157,171,0.47865853658536583,0.5213414634146342
生物医药,002880.SZ.csv,next,165,159,0.5092592592592593,0.49074074074074076
生物医药,002880.SZ.csv,today,170,155,0.5230769230769231,0.47692307692307695
生物医药,300142.SZ.csv,next,472,472,0.5,0.5
生物医药,300142.SZ.csv,today,476,469,0.5037037037037037,0.4962962962962963
生物医药,300204.SZ.csv,next,136,116,0.5396825396825397,0.4603174603174603
生物医药,300204.SZ.csv,today,124,129,0.4901185770750988,0.5098814229249012
生物医药,300255.SZ.csv,next,242,207,0.5389755011135857,0.4610244988864143
生物医药,300255.SZ.csv,today,214,236,0.47555555555555556,0.5244444444444445
生物医药,300485.SZ.csv,next,181,168,0.5186246418338109,0.4813753581661891
生物医药,300485.SZ.csv,today,167,183,0.47714285714285715,0.5228571428571429
生物医药,300841.SZ.csv,next,264,223,0.5420944558521561,0.45790554414784396
生物医药,300841.SZ.csv,today,253,235,0.5184426229508197,0.48155737704918034
生物医药,300942.SZ.csv,next,130,100,0.5652173913043478,0.43478260869565216
生物医药,300942.SZ.csv,today,127,104,0.5497835497835498,0.45021645021645024
生物医药,301080.SZ.csv,next,96,85,0.5303867403314917,0.4696132596685083
生物医药,301080.SZ.csv,today,91,91,0.5,0.5
生物医药,600080.SH.csv,next,139,127,0.5225563909774437,0.4774436090225564
生物医药,600080.SH.csv,today,126,141,0.47191011235955055,0.5280898876404494
生物医药,600645.SH.csv,next,193,161,0.5451977401129944,0.4548022598870056
生物医药,600645.SH.csv,today,181,174,0.5098591549295775,0.49014084507042255
生物医药,600789.SH.csv,next,211,203,0.5096618357487923,0.49033816425120774
生物医药,600789.SH.csv,today,198,217,0.4771084337349398,0.5228915662650603
生物医药,688105.SH.csv,next,128,90,0.5871559633027523,0.41284403669724773
生物医药,688105.SH.csv,today,123,96,0.5616438356164384,0.4383561643835616
生物医药,688137.SH.csv,next,27,18,0.6,0.4
生物医药,688137.SH.csv,today,29,17,0.6304347826086957,0.3695652173913043
生物医药,688235.SH.csv,next,0,0,0.0,0.0
生物医药,688235.SH.csv,today,0,0,0.0,0.0
生物医药,688253.SH.csv,next,27,33,0.45,0.55
生物医药,688253.SH.csv,today,27,34,0.4426229508196721,0.5573770491803278
生物医药,688293.SH.csv,next,36,26,0.5806451612903226,0.41935483870967744
生物医药,688293.SH.csv,today,29,34,0.4603174603174603,0.5396825396825397
生物医药,688317.SH.csv,next,173,140,0.5527156549520766,0.4472843450479233
生物医药,688317.SH.csv,today,165,149,0.5254777070063694,0.4745222929936306
生物医药,688331.SH.csv,next,93,86,0.5195530726256983,0.48044692737430167
生物医药,688331.SH.csv,today,96,84,0.5333333333333333,0.4666666666666667
生物医药,688382.SH.csv,next,0,0,0.0,0.0
生物医药,688382.SH.csv,today,0,0,0.0,0.0
生物医药,688428.SH.csv,next,0,0,0.0,0.0
生物医药,688428.SH.csv,today,0,0,0.0,0.0
生物医药,688443.SH.csv,next,258,235,0.5233265720081136,0.4766734279918864
生物医药,688443.SH.csv,today,259,235,0.5242914979757085,0.4757085020242915
生物医药,688606.SH.csv,next,101,92,0.5233160621761658,0.47668393782383417
生物医药,688606.SH.csv,today,99,95,0.5103092783505154,0.4896907216494845
生物医药,688656.SH.csv,next,81,71,0.5328947368421053,0.46710526315789475
生物医药,688656.SH.csv,today,77,76,0.5032679738562091,0.49673202614379086
生物医药,688710.SH.csv,next,96,103,0.4824120603015075,0.5175879396984925
生物医药,688710.SH.csv,today,96,104,0.48,0.52
生物医药,688739.SH.csv,next,93,70,0.5705521472392638,0.4294478527607362
生物医药,688739.SH.csv,today,92,72,0.5609756097560976,0.43902439024390244
石油石化,000059.SZ.csv,next,126,128,0.49606299212598426,0.5039370078740157
石油石化,000059.SZ.csv,today,126,129,0.49411764705882355,0.5058823529411764
石油石化,000096.SZ.csv,next,76,58,0.5671641791044776,0.43283582089552236
石油石化,000096.SZ.csv,today,67,68,0.4962962962962963,0.5037037037037037
石油石化,000159.SZ.csv,next,200,197,0.5037783375314862,0.49622166246851385
石油石化,000159.SZ.csv,today,181,217,0.4547738693467337,0.5452261306532663
石油石化,000554.SZ.csv,next,86,87,0.49710982658959535,0.5028901734104047
石油石化,000554.SZ.csv,today,77,97,0.4425287356321839,0.5574712643678161
石油石化,000637.SZ.csv,next,136,125,0.5210727969348659,0.4789272030651341
石油石化,000637.SZ.csv,today,135,127,0.5152671755725191,0.4847328244274809
石油石化,000698.SZ.csv,next,201,173,0.5374331550802139,0.4625668449197861
石油石化,000698.SZ.csv,today,191,184,0.5093333333333333,0.49066666666666664
石油石化,000819.SZ.csv,next,114,97,0.5402843601895735,0.4597156398104265
石油石化,000819.SZ.csv,today,110,102,0.5188679245283019,0.4811320754716981
石油石化,002221.SZ.csv,next,329,312,0.5132605304212169,0.48673946957878317
石油石化,002221.SZ.csv,today,322,320,0.5015576323987538,0.4984423676012461
石油石化,002408.SZ.csv,next,351,331,0.5146627565982405,0.48533724340175954
石油石化,002408.SZ.csv,today,352,331,0.5153733528550513,0.48462664714494874
石油石化,002476.SZ.csv,next,87,76,0.5337423312883436,0.4662576687116564
石油石化,002476.SZ.csv,today,90,74,0.5487804878048781,0.45121951219512196
石油石化,002493.SZ.csv,next,383,343,0.5275482093663911,0.4724517906336088
石油石化,002493.SZ.csv,today,368,359,0.5061898211829436,0.4938101788170564
石油石化,002986.SZ.csv,next,110,109,0.502283105022831,0.4977168949771689
石油石化,002986.SZ.csv,today,115,105,0.5227272727272727,0.4772727272727273
石油石化,300135.SZ.csv,next,125,99,0.5580357142857143,0.4419642857142857
石油石化,300135.SZ.csv,today,117,108,0.52,0.48
石油石化,300839.SZ.csv,next,120,105,0.5333333333333333,0.4666666666666667
石油石化,300839.SZ.csv,today,109,117,0.4823008849557522,0.5176991150442478
石油石化,600028.SH.csv,next,832,711,0.5392093324692158,0.4607906675307842
石油石化,600028.SH.csv,today,827,717,0.5356217616580311,0.4643782383419689
石油石化,600256.SH.csv,next,438,394,0.5264423076923077,0.4735576923076923
石油石化,600256.SH.csv,today,432,401,0.5186074429771909,0.48139255702280914
石油石化,600346.SH.csv,next,544,545,0.4995408631772268,0.5004591368227732
石油石化,600346.SH.csv,today,543,547,0.4981651376146789,0.501834862385321
石油石化,600387.SH.csv,next,180,173,0.509915014164306,0.49008498583569404
石油石化,600387.SH.csv,today,174,180,0.4915254237288136,0.5084745762711864
石油石化,600506.SH.csv,next,43,38,0.5308641975308642,0.4691358024691358
石油石化,600506.SH.csv,today,40,42,0.4878048780487805,0.5121951219512195
石油石化,600688.SH.csv,next,531,415,0.5613107822410148,0.43868921775898523
石油石化,600688.SH.csv,today,528,419,0.5575501583949314,0.4424498416050686
石油石化,600759.SH.csv,next,163,110,0.5970695970695971,0.40293040293040294
石油石化,600759.SH.csv,today,152,122,0.5547445255474452,0.44525547445255476
石油石化,600777.SH.csv,next,200,125,0.6153846153846154,0.38461538461538464
石油石化,600777.SH.csv,today,193,133,0.5920245398773006,0.40797546012269936
石油石化,600800.SH.csv,next,102,85,0.5454545454545454,0.45454545454545453
石油石化,600800.SH.csv,today,98,90,0.5212765957446809,0.4787234042553192
石油石化,600938.SH.csv,next,132,131,0.5019011406844106,0.49809885931558934
石油石化,600938.SH.csv,today,132,132,0.5,0.5
石油石化,601233.SH.csv,next,302,287,0.5127334465195246,0.4872665534804754
石油石化,601233.SH.csv,today,304,286,0.5152542372881356,0.4847457627118644
石油石化,601857.SH.csv,next,863,692,0.554983922829582,0.445016077170418
石油石化,601857.SH.csv,today,858,698,0.5514138817480719,0.448586118251928
石油石化,603003.SH.csv,next,111,78,0.5873015873015873,0.4126984126984127
石油石化,603003.SH.csv,today,98,92,0.5157894736842106,0.4842105263157895
石油石化,603353.SH.csv,next,104,89,0.538860103626943,0.46113989637305697
石油石化,603353.SH.csv,today,87,107,0.4484536082474227,0.5515463917525774
石油石化,603798.SH.csv,next,197,187,0.5130208333333334,0.4869791666666667
石油石化,603798.SH.csv,today,191,194,0.4961038961038961,0.5038961038961038
石油石化,603906.SH.csv,next,302,265,0.5326278659611993,0.4673721340388007
石油石化,603906.SH.csv,today,294,274,0.5176056338028169,0.4823943661971831
航天,000576.SZ.csv,next,143,138,0.5088967971530249,0.49110320284697506
航天,000576.SZ.csv,today,132,150,0.46808510638297873,0.5319148936170213
航天,000733.SZ.csv,next,206,217,0.48699763593380613,0.5130023640661938
航天,000733.SZ.csv,today,201,223,0.4740566037735849,0.5259433962264151
航天,001316.SZ.csv,next,32,34,0.48484848484848486,0.5151515151515151
航天,001316.SZ.csv,today,30,37,0.44776119402985076,0.5522388059701493
航天,002190.SZ.csv,next,210,182,0.5357142857142857,0.4642857142857143
航天,002190.SZ.csv,today,207,186,0.5267175572519084,0.4732824427480916
航天,002338.SZ.csv,next,155,150,0.5081967213114754,0.4918032786885246
航天,002338.SZ.csv,today,148,158,0.48366013071895425,0.5163398692810458
航天,002383.SZ.csv,next,135,143,0.4856115107913669,0.5143884892086331
航天,002383.SZ.csv,today,134,145,0.48028673835125446,0.5197132616487455
航天,002446.SZ.csv,next,138,129,0.5168539325842697,0.48314606741573035
航天,002446.SZ.csv,today,125,143,0.4664179104477612,0.5335820895522388
航天,002465.SZ.csv,next,354,342,0.5086206896551724,0.49137931034482757
航天,002465.SZ.csv,today,339,358,0.48637015781922527,0.5136298421807748
航天,002829.SZ.csv,next,206,206,0.5,0.5
航天,002829.SZ.csv,today,185,228,0.44794188861985473,0.5520581113801453
航天,002977.SZ.csv,next,86,97,0.46994535519125685,0.5300546448087432
航天,002977.SZ.csv,today,86,98,0.4673913043478261,0.532608695652174
航天,300159.SZ.csv,next,85,72,0.5414012738853503,0.4585987261146497
航天,300159.SZ.csv,today,84,74,0.5316455696202531,0.46835443037974683
航天,300527.SZ.csv,next,338,329,0.5067466266866567,0.49325337331334335
航天,300527.SZ.csv,today,347,321,0.5194610778443114,0.4805389221556886
航天,300581.SZ.csv,next,156,116,0.5735294117647058,0.4264705882352941
航天,300581.SZ.csv,today,133,140,0.48717948717948717,0.5128205128205128
航天,300696.SZ.csv,next,141,135,0.5108695652173914,0.4891304347826087
航天,300696.SZ.csv,today,127,150,0.4584837545126354,0.5415162454873647
航天,300875.SZ.csv,next,101,94,0.517948717948718,0.48205128205128206
航天,300875.SZ.csv,today,105,91,0.5357142857142857,0.4642857142857143
航天,300900.SZ.csv,next,105,95,0.525,0.475
航天,300900.SZ.csv,today,103,98,0.5124378109452736,0.48756218905472637
航天,301213.SZ.csv,next,55,53,0.5092592592592593,0.49074074074074076
航天,301213.SZ.csv,today,58,51,0.5321100917431193,0.46788990825688076
航天,301302.SZ.csv,next,61,62,0.4959349593495935,0.5040650406504065
航天,301302.SZ.csv,today,54,70,0.43548387096774194,0.5645161290322581
航天,301306.SZ.csv,next,32,37,0.463768115942029,0.5362318840579711
航天,301306.SZ.csv,today,33,37,0.4714285714285714,0.5285714285714286
航天,302132.SZ.csv,next,1749,1766,0.4975817923186344,0.5024182076813656
航天,302132.SZ.csv,today,1745,1771,0.49630261660978386,0.5036973833902162
航天,600184.SH.csv,next,250,215,0.5376344086021505,0.46236559139784944
航天,600184.SH.csv,today,271,195,0.5815450643776824,0.4184549356223176
航天,600316.SH.csv,next,212,210,0.5023696682464455,0.4976303317535545
航天,600316.SH.csv,today,206,217,0.48699763593380613,0.5130023640661938
航天,600391.SH.csv,next,108,103,0.5118483412322274,0.4881516587677725
航天,600391.SH.csv,today,98,114,0.46226415094339623,0.5377358490566038
航天,600501.SH.csv,next,143,109,0.5674603174603174,0.43253968253968256
航天,600501.SH.csv,today,137,116,0.541501976284585,0.45849802371541504
航天,600590.SH.csv,next,148,151,0.49498327759197325,0.5050167224080268
航天,600590.SH.csv,today,148,152,0.49333333333333335,0.5066666666666667
航天,600967.SH.csv,next,173,156,0.5258358662613982,0.47416413373860183
航天,600967.SH.csv,today,167,163,0.5060606060606061,0.49393939393939396
航天,600990.SH.csv,next,205,170,0.5466666666666666,0.4533333333333333
航天,600990.SH.csv,today,182,194,0.48404255319148937,0.5159574468085106
航天,601606.SH.csv,next,92,77,0.5443786982248521,0.4556213017751479
航天,601606.SH.csv,today,83,87,0.48823529411764705,0.5117647058823529
航天,603678.SH.csv,next,261,237,0.5240963855421686,0.4759036144578313
航天,603678.SH.csv,today,252,247,0.5050100200400801,0.49498997995991983
航天,603712.SH.csv,next,218,225,0.49209932279909707,0.5079006772009029
航天,603712.SH.csv,today,214,230,0.481981981981982,0.5180180180180181
贸易,000430.SZ.csv,next,95,75,0.5588235294117647,0.4411764705882353
贸易,000430.SZ.csv,today,90,81,0.5263157894736842,0.47368421052631576
贸易,000524.SZ.csv,next,0,0,0.0,0.0
贸易,000524.SZ.csv,today,0,0,0.0,0.0
贸易,000610.SZ.csv,next,63,61,0.5080645161290323,0.49193548387096775
贸易,000610.SZ.csv,today,61,64,0.488,0.512
贸易,000796.SZ.csv,next,293,246,0.5435992578849722,0.45640074211502785
贸易,000796.SZ.csv,today,294,246,0.5444444444444444,0.45555555555555555
贸易,000888.SZ.csv,next,329,301,0.5222222222222223,0.4777777777777778
贸易,000888.SZ.csv,today,316,315,0.5007923930269413,0.49920760697305866
贸易,000978.SZ.csv,next,164,154,0.5157232704402516,0.48427672955974843
贸易,000978.SZ.csv,today,153,166,0.47962382445141066,0.5203761755485894
贸易,002033.SZ.csv,next,207,206,0.5012106537530266,0.49878934624697335
贸易,002033.SZ.csv,today,204,210,0.4927536231884058,0.5072463768115942
贸易,002059.SZ.csv,next,150,123,0.5494505494505495,0.45054945054945056
贸易,002059.SZ.csv,today,148,126,0.5401459854014599,0.45985401459854014
贸易,002159.SZ.csv,next,171,149,0.534375,0.465625
贸易,002159.SZ.csv,today,167,154,0.5202492211838006,0.4797507788161994
贸易,002707.SZ.csv,next,272,237,0.5343811394891945,0.4656188605108055
贸易,002707.SZ.csv,today,263,247,0.515686274509804,0.4843137254901961
贸易,300144.SZ.csv,next,368,366,0.5013623978201635,0.4986376021798365
贸易,300144.SZ.csv,today,363,372,0.49387755102040815,0.5061224489795918
贸易,300178.SZ.csv,next,127,113,0.5291666666666667,0.4708333333333333
贸易,300178.SZ.csv,today,130,111,0.5394190871369294,0.4605809128630705
贸易,300859.SZ.csv,next,67,80,0.4557823129251701,0.54421768707483
贸易,300859.SZ.csv,today,58,90,0.3918918918918919,0.6081081081081081
贸易,600054.SH.csv,next,134,145,0.48028673835125446,0.5197132616487455
贸易,600054.SH.csv,today,138,142,0.4928571428571429,0.5071428571428571
贸易,600138.SH.csv,next,456,434,0.5123595505617977,0.48764044943820223
贸易,600138.SH.csv,today,458,433,0.5140291806958474,0.48597081930415265
贸易,600358.SH.csv,next,101,102,0.4975369458128079,0.5024630541871922
贸易,600358.SH.csv,today,96,108,0.47058823529411764,0.5294117647058824
贸易,600555.SH.csv,next,55,36,0.6043956043956044,0.3956043956043956
贸易,600555.SH.csv,today,56,36,0.6086956521739131,0.391304347826087
贸易,600593.SH.csv,next,157,135,0.5376712328767124,0.4623287671232877
贸易,600593.SH.csv,today,156,137,0.5324232081911263,0.46757679180887374
贸易,600706.SH.csv,next,161,201,0.4447513812154696,0.5552486187845304
贸易,600706.SH.csv,today,153,210,0.4214876033057851,0.5785123966942148
贸易,600749.SH.csv,next,95,94,0.5026455026455027,0.4973544973544973
贸易,600749.SH.csv,today,89,101,0.46842105263157896,0.531578947368421
贸易,601888.SH.csv,next,557,582,0.4890254609306409,0.5109745390693591
贸易,601888.SH.csv,today,556,584,0.48771929824561405,0.512280701754386
贸易,603099.SH.csv,next,112,100,0.5283018867924528,0.4716981132075472
贸易,603099.SH.csv,today,105,108,0.49295774647887325,0.5070422535211268
贸易,603136.SH.csv,next,347,350,0.49784791965566716,0.5021520803443329
贸易,603136.SH.csv,today,350,348,0.501432664756447,0.498567335243553
贸易,603199.SH.csv,next,138,150,0.4791666666666667,0.5208333333333334
贸易,603199.SH.csv,today,140,149,0.4844290657439446,0.5155709342560554
轻工,000026.SZ.csv,next,291,283,0.5069686411149826,0.4930313588850174
轻工,000026.SZ.csv,today,274,301,0.4765217391304348,0.5234782608695652
轻工,001256.SZ.csv,next,12,8,0.6,0.4
轻工,001256.SZ.csv,today,13,8,0.6190476190476191,0.38095238095238093
轻工,001359.SZ.csv,next,146,160,0.477124183006536,0.5228758169934641
轻工,001359.SZ.csv,today,145,162,0.4723127035830619,0.5276872964169381
轻工,002103.SZ.csv,next,104,101,0.5073170731707317,0.4926829268292683
轻工,002103.SZ.csv,today,99,107,0.48058252427184467,0.5194174757281553
轻工,002345.SZ.csv,next,351,296,0.5425038639876353,0.4574961360123648
轻工,002345.SZ.csv,today,338,310,0.5216049382716049,0.4783950617283951
轻工,002356.SZ.csv,next,107,81,0.5691489361702128,0.4308510638297872
轻工,002356.SZ.csv,today,97,92,0.5132275132275133,0.48677248677248675
轻工,002574.SZ.csv,next,131,126,0.5097276264591439,0.490272373540856
轻工,002574.SZ.csv,today,126,132,0.4883720930232558,0.5116279069767442
轻工,002678.SZ.csv,next,223,195,0.5334928229665071,0.4665071770334928
轻工,002678.SZ.csv,today,203,216,0.48448687350835323,0.5155131264916468
轻工,002721.SZ.csv,next,157,119,0.5688405797101449,0.4311594202898551
轻工,002721.SZ.csv,today,163,114,0.5884476534296029,0.41155234657039713
轻工,002731.SZ.csv,next,158,137,0.535593220338983,0.46440677966101696
轻工,002731.SZ.csv,today,149,147,0.5033783783783784,0.4966216216216216
轻工,300195.SZ.csv,next,140,112,0.5555555555555556,0.4444444444444444
轻工,300195.SZ.csv,today,125,128,0.49407114624505927,0.5059288537549407
轻工,300307.SZ.csv,next,105,94,0.5276381909547738,0.4723618090452261
轻工,300307.SZ.csv,today,92,108,0.46,0.54
轻工,300651.SZ.csv,next,199,170,0.5392953929539296,0.46070460704607047
轻工,300651.SZ.csv,today,190,180,0.5135135135135135,0.4864864864864865
轻工,300703.SZ.csv,next,191,172,0.5261707988980716,0.4738292011019284
轻工,300703.SZ.csv,today,184,180,0.5054945054945055,0.4945054945054945
轻工,300756.SZ.csv,next,114,128,0.47107438016528924,0.5289256198347108
轻工,300756.SZ.csv,today,125,118,0.51440329218107,0.48559670781893005
轻工,301287.SZ.csv,next,246,251,0.4949698189134809,0.5050301810865191
轻工,301287.SZ.csv,today,245,253,0.4919678714859438,0.5080321285140562
轻工,301336.SZ.csv,next,32,24,0.5714285714285714,0.42857142857142855
轻工,301336.SZ.csv,today,39,18,0.6842105263157895,0.3157894736842105
轻工,600232.SH.csv,next,96,93,0.5079365079365079,0.49206349206349204
轻工,600232.SH.csv,today,92,98,0.4842105263157895,0.5157894736842106
轻工,600302.SH.csv,next,41,40,0.5061728395061729,0.49382716049382713
轻工,600302.SH.csv,today,45,37,0.5487804878048781,0.45121951219512196
轻工,600439.SH.csv,next,186,145,0.5619335347432024,0.4380664652567976
轻工,600439.SH.csv,today,174,158,0.5240963855421686,0.4759036144578313
轻工,600545.SH.csv,next,96,64,0.6,0.4
轻工,600545.SH.csv,today,91,70,0.5652173913043478,0.43478260869565216
轻工,600612.SH.csv,next,406,406,0.5,0.5
轻工,600612.SH.csv,today,395,418,0.4858548585485855,0.5141451414514145
轻工,600735.SH.csv,next,209,189,0.5251256281407035,0.4748743718592965
轻工,600735.SH.csv,today,206,193,0.5162907268170426,0.48370927318295737
轻工,600843.SH.csv,next,135,118,0.5335968379446641,0.466403162055336
轻工,600843.SH.csv,today,136,118,0.5354330708661418,0.4645669291338583
轻工,603095.SH.csv,next,76,69,0.5241379310344828,0.47586206896551725
轻工,603095.SH.csv,today,75,71,0.5136986301369864,0.4863013698630137
轻工,603221.SH.csv,next,74,59,0.556390977443609,0.44360902255639095
轻工,603221.SH.csv,today,70,64,0.5223880597014925,0.47761194029850745
轻工,603337.SH.csv,next,188,176,0.5164835164835165,0.4835164835164835
轻工,603337.SH.csv,today,196,169,0.536986301369863,0.46301369863013697
轻工,603848.SH.csv,next,145,134,0.5197132616487455,0.48028673835125446
轻工,603848.SH.csv,today,143,137,0.5107142857142857,0.48928571428571427
轻工,603900.SH.csv,next,228,198,0.5352112676056338,0.4647887323943662
轻工,603900.SH.csv,today,222,205,0.5199063231850117,0.48009367681498827
轻工,603901.SH.csv,next,155,152,0.504885993485342,0.495114006514658
轻工,603901.SH.csv,today,149,159,0.4837662337662338,0.5162337662337663
酿酒,000568.SZ.csv,next,717,773,0.4812080536912752,0.5187919463087248
酿酒,000568.SZ.csv,today,722,769,0.4842387659289068,0.5157612340710932
酿酒,000596.SZ.csv,next,539,532,0.5032679738562091,0.49673202614379086
酿酒,000596.SZ.csv,today,544,528,0.5074626865671642,0.4925373134328358
酿酒,000729.SZ.csv,next,508,515,0.4965786901270772,0.5034213098729228
酿酒,000729.SZ.csv,today,524,500,0.51171875,0.48828125
酿酒,000796.SZ.csv,next,293,246,0.5435992578849722,0.45640074211502785
酿酒,000796.SZ.csv,today,294,246,0.5444444444444444,0.45555555555555555
酿酒,000799.SZ.csv,next,508,479,0.5146909827760892,0.48530901722391084
酿酒,000799.SZ.csv,today,502,486,0.5080971659919028,0.49190283400809715
酿酒,000860.SZ.csv,next,346,353,0.4949928469241774,0.5050071530758226
酿酒,000860.SZ.csv,today,356,344,0.5085714285714286,0.49142857142857144
酿酒,000869.SZ.csv,next,509,507,0.5009842519685039,0.49901574803149606
酿酒,000869.SZ.csv,today,519,498,0.5103244837758112,0.4896755162241888
酿酒,000929.SZ.csv,next,117,137,0.46062992125984253,0.5393700787401575
酿酒,000929.SZ.csv,today,119,136,0.4666666666666667,0.5333333333333333
酿酒,000995.SZ.csv,next,113,81,0.5824742268041238,0.4175257731958763
酿酒,000995.SZ.csv,today,100,95,0.5128205128205128,0.48717948717948717
酿酒,001338.SZ.csv,next,26,24,0.52,0.48
酿酒,001338.SZ.csv,today,27,24,0.5294117647058824,0.47058823529411764
酿酒,002304.SZ.csv,next,656,597,0.5235434956105347,0.4764565043894653
酿酒,002304.SZ.csv,today,649,605,0.5175438596491229,0.4824561403508772
酿酒,002461.SZ.csv,next,389,362,0.5179760319573902,0.48202396804260983
酿酒,002461.SZ.csv,today,407,345,0.5412234042553191,0.4587765957446808
酿酒,002568.SZ.csv,next,246,257,0.48906560636182905,0.510934393638171
酿酒,002568.SZ.csv,today,244,260,0.48412698412698413,0.5158730158730159
酿酒,600059.SH.csv,next,255,267,0.4885057471264368,0.5114942528735632
酿酒,600059.SH.csv,today,257,266,0.491395793499044,0.5086042065009561
酿酒,600084.SH.csv,next,92,80,0.5348837209302325,0.46511627906976744
酿酒,600084.SH.csv,today,91,82,0.5260115606936416,0.47398843930635837
酿酒,600132.SH.csv,next,420,421,0.4994054696789536,0.5005945303210464
酿酒,600132.SH.csv,today,412,430,0.48931116389548696,0.5106888361045131
酿酒,600199.SH.csv,next,142,147,0.4913494809688581,0.5086505190311419
酿酒,600199.SH.csv,today,143,147,0.49310344827586206,0.506896551724138
酿酒,600238.SH.csv,next,132,114,0.5365853658536586,0.4634146341463415
酿酒,600238.SH.csv,today,122,125,0.4939271255060729,0.5060728744939271
酿酒,600519.SH.csv,next,777,777,0.5,0.5
酿酒,600519.SH.csv,today,774,781,0.4977491961414791,0.5022508038585209
酿酒,600543.SH.csv,next,106,78,0.5760869565217391,0.42391304347826086
酿酒,600543.SH.csv,today,86,99,0.4648648648648649,0.5351351351351351
酿酒,600559.SH.csv,next,335,316,0.5145929339477726,0.48540706605222733
酿酒,600559.SH.csv,today,322,330,0.4938650306748466,0.5061349693251533
酿酒,600573.SH.csv,next,148,142,0.5103448275862069,0.4896551724137931
酿酒,600573.SH.csv,today,150,141,0.5154639175257731,0.4845360824742268
酿酒,600600.SH.csv,next,703,691,0.5043041606886657,0.49569583931133426
酿酒,600600.SH.csv,today,703,692,0.5039426523297491,0.4960573476702509
酿酒,600616.SH.csv,next,145,130,0.5272727272727272,0.4727272727272727
酿酒,600616.SH.csv,today,129,147,0.4673913043478261,0.532608695652174
酿酒,600702.SH.csv,next,526,547,0.4902143522833178,0.5097856477166822
酿酒,600702.SH.csv,today,537,537,0.5,0.5
酿酒,600779.SH.csv,next,599,579,0.5084889643463497,0.49151103565365023
酿酒,600779.SH.csv,today,585,594,0.4961832061068702,0.5038167938931297
酿酒,600809.SH.csv,next,553,581,0.4876543209876543,0.5123456790123457
酿酒,600809.SH.csv,today,557,578,0.4907488986784141,0.5092511013215859
酿酒,601579.SH.csv,next,200,191,0.5115089514066496,0.4884910485933504
酿酒,601579.SH.csv,today,185,207,0.4719387755102041,0.5280612244897959
酿酒,603369.SH.csv,next,463,460,0.5016251354279523,0.49837486457204766
酿酒,603369.SH.csv,today,464,460,0.5021645021645021,0.49783549783549785
酿酒,603779.SH.csv,next,65,45,0.5909090909090909,0.4090909090909091
酿酒,603779.SH.csv,today,63,48,0.5675675675675675,0.43243243243243246
酿酒,603919.SH.csv,next,367,355,0.5083102493074793,0.4916897506925208
酿酒,603919.SH.csv,today,358,365,0.4951590594744122,0.5048409405255878
金属制品,002132.SZ.csv,next,221,199,0.5261904761904762,0.4738095238095238
金属制品,002132.SZ.csv,today,217,204,0.5154394299287411,0.4845605700712589
金属制品,002342.SZ.csv,next,197,169,0.5382513661202186,0.46174863387978143
金属制品,002342.SZ.csv,today,177,190,0.4822888283378747,0.5177111716621253
金属制品,002374.SZ.csv,next,92,76,0.5476190476190477,0.4523809523809524
金属制品,002374.SZ.csv,today,90,79,0.5325443786982249,0.46745562130177515
金属制品,002444.SZ.csv,next,298,277,0.5182608695652174,0.4817391304347826
金属制品,002444.SZ.csv,today,296,280,0.5138888888888888,0.4861111111111111
金属制品,002514.SZ.csv,next,199,155,0.5621468926553672,0.4378531073446328
金属制品,002514.SZ.csv,today,199,156,0.5605633802816902,0.4394366197183099
金属制品,002545.SZ.csv,next,214,204,0.5119617224880383,0.4880382775119617
金属制品,002545.SZ.csv,today,210,209,0.5011933174224343,0.4988066825775656
金属制品,002547.SZ.csv,next,142,92,0.6068376068376068,0.39316239316239315
金属制品,002547.SZ.csv,today,140,95,0.5957446808510638,0.40425531914893614
金属制品,002701.SZ.csv,next,365,299,0.5496987951807228,0.4503012048192771
金属制品,002701.SZ.csv,today,353,312,0.530827067669173,0.4691729323308271
金属制品,002752.SZ.csv,next,168,151,0.5266457680250783,0.47335423197492166
金属制品,002752.SZ.csv,today,163,157,0.509375,0.490625
金属制品,002843.SZ.csv,next,158,148,0.5163398692810458,0.48366013071895425
金属制品,002843.SZ.csv,today,147,160,0.4788273615635179,0.5211726384364821
金属制品,002965.SZ.csv,next,211,206,0.5059952038369304,0.4940047961630695
金属制品,002965.SZ.csv,today,190,228,0.45454545454545453,0.5454545454545454
金属制品,002976.SZ.csv,next,108,106,0.5046728971962616,0.4953271028037383
金属制品,002976.SZ.csv,today,102,113,0.4744186046511628,0.5255813953488372
金属制品,300402.SZ.csv,next,95,106,0.472636815920398,0.527363184079602
金属制品,300402.SZ.csv,today,100,102,0.49504950495049505,0.504950495049505
金属制品,300488.SZ.csv,next,132,117,0.5301204819277109,0.46987951807228917
金属制品,300488.SZ.csv,today,120,130,0.48,0.52
金属制品,300946.SZ.csv,next,59,47,0.5566037735849056,0.44339622641509435
金属制品,300946.SZ.csv,today,53,54,0.4953271028037383,0.5046728971962616
金属制品,301125.SZ.csv,next,29,23,0.5576923076923077,0.4423076923076923
金属制品,301125.SZ.csv,today,25,28,0.4716981132075472,0.5283018867924528
金属制品,301268.SZ.csv,next,73,70,0.5104895104895105,0.48951048951048953
金属制品,301268.SZ.csv,today,67,77,0.4652777777777778,0.5347222222222222
金属制品,301377.SZ.csv,next,27,22,0.5510204081632653,0.4489795918367347
金属制品,301377.SZ.csv,today,21,29,0.42,0.58
金属制品,600558.SH.csv,next,210,194,0.5198019801980198,0.4801980198019802
金属制品,600558.SH.csv,today,207,198,0.5111111111111111,0.4888888888888889
金属制品,600615.SH.csv,next,99,74,0.5722543352601156,0.4277456647398844
金属制品,600615.SH.csv,today,88,86,0.5057471264367817,0.4942528735632184
金属制品,600860.SH.csv,next,66,74,0.4714285714285714,0.5285714285714286
金属制品,600860.SH.csv,today,59,82,0.41843971631205673,0.5815602836879432
金属制品,600992.SH.csv,next,102,108,0.4857142857142857,0.5142857142857142
金属制品,600992.SH.csv,today,87,124,0.41232227488151657,0.5876777251184834
金属制品,603072.SH.csv,next,60,59,0.5042016806722689,0.4957983193277311
金属制品,603072.SH.csv,today,60,60,0.5,0.5
金属制品,603112.SH.csv,next,97,91,0.5159574468085106,0.48404255319148937
金属制品,603112.SH.csv,today,98,91,0.5185185185185185,0.48148148148148145
金属制品,603278.SH.csv,next,150,140,0.5172413793103449,0.4827586206896552
金属制品,603278.SH.csv,today,148,143,0.5085910652920962,0.49140893470790376
金属制品,603969.SH.csv,next,161,143,0.5296052631578947,0.47039473684210525
金属制品,603969.SH.csv,today,145,160,0.47540983606557374,0.5245901639344263
金属制品,605123.SH.csv,next,111,102,0.5211267605633803,0.4788732394366197
金属制品,605123.SH.csv,today,107,107,0.5,0.5
金属制品,688059.SH.csv,next,128,120,0.5161290322580645,0.4838709677419355
金属制品,688059.SH.csv,today,121,128,0.4859437751004016,0.5140562248995983
金属制品,688190.SH.csv,next,63,46,0.5779816513761468,0.42201834862385323
金属制品,688190.SH.csv,today,59,51,0.5363636363636364,0.4636363636363636
金属制品,688379.SH.csv,next,89,88,0.5028248587570622,0.4971751412429379
金属制品,688379.SH.csv,today,88,90,0.4943820224719101,0.5056179775280899
银行,000001.SZ.csv,next,827,710,0.5380611581001952,0.46193884189980483
银行,000001.SZ.csv,today,826,712,0.5370611183355006,0.46293888166449937
银行,001227.SZ.csv,next,142,77,0.6484018264840182,0.3515981735159817
银行,001227.SZ.csv,today,135,85,0.6136363636363636,0.38636363636363635
银行,002142.SZ.csv,next,740,650,0.5323741007194245,0.4676258992805755
银行,002142.SZ.csv,today,746,645,0.5363048166786485,0.46369518332135157
银行,002936.SZ.csv,next,544,342,0.6139954853273137,0.3860045146726862
银行,002936.SZ.csv,today,540,347,0.608793686583991,0.39120631341600903
银行,002948.SZ.csv,next,481,381,0.5580046403712297,0.4419953596287703
银行,002948.SZ.csv,today,484,379,0.5608342989571263,0.4391657010428737
银行,002958.SZ.csv,next,303,202,0.6,0.4
银行,002958.SZ.csv,today,302,204,0.5968379446640316,0.4031620553359684
银行,002966.SZ.csv,next,390,318,0.5508474576271186,0.4491525423728814
银行,002966.SZ.csv,today,391,318,0.5514809590973202,0.44851904090267986
银行,600000.SH.csv,next,802,661,0.5481886534518113,0.45181134654818866
银行,600000.SH.csv,today,799,665,0.5457650273224044,0.4542349726775956
银行,600015.SH.csv,next,839,646,0.564983164983165,0.435016835016835
银行,600015.SH.csv,today,839,647,0.5646029609690444,0.4353970390309556
银行,600016.SH.csv,next,904,649,0.5820991629104958,0.4179008370895042
银行,600016.SH.csv,today,900,654,0.5791505791505791,0.42084942084942084
银行,600036.SH.csv,next,807,748,0.5189710610932476,0.4810289389067524
银行,600036.SH.csv,today,804,752,0.5167095115681234,0.4832904884318766
银行,600919.SH.csv,next,803,633,0.5591922005571031,0.44080779944289694
银行,600919.SH.csv,today,803,634,0.558803061934586,0.44119693806541405
银行,600926.SH.csv,next,663,590,0.5291300877893057,0.47086991221069435
银行,600926.SH.csv,today,663,591,0.5287081339712919,0.47129186602870815
银行,600928.SH.csv,next,360,278,0.5642633228840125,0.43573667711598746
银行,600928.SH.csv,today,373,266,0.5837245696400626,0.4162754303599374
银行,601009.SH.csv,next,723,633,0.5331858407079646,0.4668141592920354
银行,601009.SH.csv,today,713,644,0.5254237288135594,0.4745762711864407
银行,601077.SH.csv,next,430,283,0.603085553997195,0.39691444600280507
银行,601077.SH.csv,today,431,283,0.603641456582633,0.3963585434173669
银行,601128.SH.csv,next,479,430,0.5269526952695269,0.4730473047304731
银行,601128.SH.csv,today,479,431,0.5263736263736264,0.4736263736263736
银行,601166.SH.csv,next,827,721,0.5342377260981912,0.4657622739018088
银行,601166.SH.csv,today,824,725,0.5319561007101355,0.46804389928986445
银行,601187.SH.csv,next,282,235,0.5454545454545454,0.45454545454545453
银行,601187.SH.csv,today,283,235,0.5463320463320464,0.45366795366795365
银行,601229.SH.csv,next,692,569,0.548770816812054,0.4512291831879461
银行,601229.SH.csv,today,684,578,0.5419968304278923,0.45800316957210774
银行,601328.SH.csv,next,857,694,0.5525467440361057,0.44745325596389424
银行,601328.SH.csv,today,857,695,0.5521907216494846,0.4478092783505155
银行,601528.SH.csv,next,161,114,0.5854545454545454,0.41454545454545455
银行,601528.SH.csv,today,154,122,0.5579710144927537,0.4420289855072464
银行,601665.SH.csv,next,212,166,0.5608465608465608,0.43915343915343913
银行,601665.SH.csv,today,217,162,0.5725593667546174,0.42744063324538256
银行,601825.SH.csv,next,223,165,0.5747422680412371,0.4252577319587629
银行,601825.SH.csv,today,224,165,0.5758354755784062,0.4241645244215938
银行,601838.SH.csv,next,506,433,0.5388711395101171,0.46112886048988283
银行,601838.SH.csv,today,493,447,0.524468085106383,0.475531914893617
银行,601916.SH.csv,next,508,329,0.6069295101553166,0.3930704898446834
银行,601916.SH.csv,today,509,329,0.6073985680190931,0.3926014319809069
银行,601939.SH.csv,next,847,707,0.545045045045045,0.45495495495495497
银行,601939.SH.csv,today,846,709,0.5440514469453376,0.45594855305466236
银行,601963.SH.csv,next,256,237,0.5192697768762677,0.48073022312373226
银行,601963.SH.csv,today,258,236,0.5222672064777328,0.4777327935222672
银行,601998.SH.csv,next,883,669,0.5689432989690721,0.43105670103092786
银行,601998.SH.csv,today,883,670,0.5685769478428847,0.43142305215711524
银行,603323.SH.csv,next,343,282,0.5488,0.4512
银行,603323.SH.csv,today,337,289,0.5383386581469649,0.46166134185303515
